tree	anchor_commit
06eb0188928bb8094750bda1efd19697db55b37b	6111214d3957b934d857a7c680a2cd38a3e38cd5
0ae1d49457f6d84b7dff31a7a31167c8ba2c2a9d	cf0b1761650b6630f2c04310f876f7eb3f93aba6
47bdd741857f8445eb013350dbc716abc782c56f	52c6727a996ff419eaec0ae8dd81cd63a84fd954
48f80592ffffdd7913b6724ab4ee3be3b46677d5	5bc70d7343c6870919189adb1f85540527b570b3
6393a1de20fed94798e52c1de91b0c5e6aca015d	15f372de9622c92604b1ab6aa3a37972775f1483
7b6ef45cd334c8477630524dc67ff71cbb0d5c86	e0a281f4a8c21e06c4d8ee1eed7a6802acaabde7
805c2a26642f318b7dca6c150617ae0c861f34b6	3032aff5a8b845b83670968adc4424a701a0b573
82b615f428df8d2acf4cb59e19efb02a64e30653	bdde307bbc0ea782b5b1ed59e71602f9ac1842ca
ab4c1c56c23d639df2b0beb618902f7796c26ae9	dc65c3c458f85f6a386b828b5a73e7f87e28dd2c
b6582fd6454f5d9508c6bd3c4148aea7abe6d8bb	98640a3035b4548a8ae154bdac5a73ce0ad6a5bf
d428c9df2bcd2c9c140186ba60dec0248d3db880	8f1eec695aa8f91703c1368519dcf40f7d0db68a
dda3bb77866cf9a318550538ba821634aa80f769	6e26269b1be9d6461d9f8859bc6a3bcc02f9f719
